{
  "model": "Base Mistral-7B",
  "total": 500,
  "accuracy": 46.6,
  "hallucination_rate": 47.8,
  "refusal_rate": 10.4,
  "truthfulness": 9.2,
  "time_seconds": 2844.4065613746643,
  "domain_breakdown": {
    "sports": {
      "accuracy": 48.95833333333333,
      "hallucination_rate": 44.79166666666667,
      "refusal_rate": 15.625,
      "truthfulness": 19.791666666666664,
      "count": 96
    },
    "finance": {
      "accuracy": 34.710743801652896,
      "hallucination_rate": 56.19834710743802,
      "refusal_rate": 14.049586776859504,
      "truthfulness": -7.43801652892562,
      "count": 121
    },
    "movie": {
      "accuracy": 43.859649122807014,
      "hallucination_rate": 50.0,
      "refusal_rate": 7.017543859649122,
      "truthfulness": 0.8771929824561403,
      "count": 114
    },
    "open": {
      "accuracy": 52.52525252525253,
      "hallucination_rate": 44.44444444444444,
      "refusal_rate": 9.090909090909092,
      "truthfulness": 17.17171717171717,
      "count": 99
    },
    "music": {
      "accuracy": 60.0,
      "hallucination_rate": 38.57142857142858,
      "refusal_rate": 4.285714285714286,
      "truthfulness": 25.71428571428571,
      "count": 70
    }
  }
}