{
  "base": {
    "model": "Base Mistral-7B",
    "total": 500,
    "accuracy": 46.6,
    "hallucination_rate": 47.8,
    "refusal_rate": 10.4,
    "truthfulness": 9.2,
    "time_seconds": 2844.4065613746643,
    "domain_breakdown": {
      "sports": {
        "accuracy": 48.95833333333333,
        "hallucination_rate": 44.79166666666667,
        "refusal_rate": 15.625,
        "truthfulness": 19.791666666666664,
        "count": 96
      },
      "finance": {
        "accuracy": 34.710743801652896,
        "hallucination_rate": 56.19834710743802,
        "refusal_rate": 14.049586776859504,
        "truthfulness": -7.43801652892562,
        "count": 121
      },
      "movie": {
        "accuracy": 43.859649122807014,
        "hallucination_rate": 50.0,
        "refusal_rate": 7.017543859649122,
        "truthfulness": 0.8771929824561403,
        "count": 114
      },
      "open": {
        "accuracy": 52.52525252525253,
        "hallucination_rate": 44.44444444444444,
        "refusal_rate": 9.090909090909092,
        "truthfulness": 17.17171717171717,
        "count": 99
      },
      "music": {
        "accuracy": 60.0,
        "hallucination_rate": 38.57142857142858,
        "refusal_rate": 4.285714285714286,
        "truthfulness": 25.71428571428571,
        "count": 70
      }
    }
  },
  "anchor_grpo": {
    "model": "AnchorGRPO Mistral-7B",
    "total": 500,
    "accuracy": 46.6,
    "hallucination_rate": 46.800000000000004,
    "refusal_rate": 11.200000000000001,
    "truthfulness": 11.0,
    "time_seconds": 2807.335501432419,
    "domain_breakdown": {
      "sports": {
        "accuracy": 55.208333333333336,
        "hallucination_rate": 37.5,
        "refusal_rate": 15.625,
        "truthfulness": 33.33333333333333,
        "count": 96
      },
      "finance": {
        "accuracy": 30.57851239669421,
        "hallucination_rate": 60.33057851239669,
        "refusal_rate": 11.570247933884298,
        "truthfulness": -18.181818181818183,
        "count": 121
      },
      "movie": {
        "accuracy": 43.859649122807014,
        "hallucination_rate": 49.122807017543856,
        "refusal_rate": 8.771929824561402,
        "truthfulness": 3.508771929824561,
        "count": 114
      },
      "open": {
        "accuracy": 54.54545454545454,
        "hallucination_rate": 41.41414141414141,
        "refusal_rate": 9.090909090909092,
        "truthfulness": 22.22222222222222,
        "count": 99
      },
      "music": {
        "accuracy": 55.714285714285715,
        "hallucination_rate": 40.0,
        "refusal_rate": 11.428571428571429,
        "truthfulness": 27.142857142857142,
        "count": 70
      }
    }
  },
  "delta": {
    "accuracy": 0.0,
    "hallucination_rate": -0.9999999999999929,
    "refusal_rate": 0.8000000000000007,
    "truthfulness": 1.8000000000000007
  }
}