{
  "model": "AnchorGRPO Mistral-7B",
  "total": 500,
  "accuracy": 46.6,
  "hallucination_rate": 46.800000000000004,
  "refusal_rate": 11.200000000000001,
  "truthfulness": 11.0,
  "time_seconds": 2807.335501432419,
  "domain_breakdown": {
    "sports": {
      "accuracy": 55.208333333333336,
      "hallucination_rate": 37.5,
      "refusal_rate": 15.625,
      "truthfulness": 33.33333333333333,
      "count": 96
    },
    "finance": {
      "accuracy": 30.57851239669421,
      "hallucination_rate": 60.33057851239669,
      "refusal_rate": 11.570247933884298,
      "truthfulness": -18.181818181818183,
      "count": 121
    },
    "movie": {
      "accuracy": 43.859649122807014,
      "hallucination_rate": 49.122807017543856,
      "refusal_rate": 8.771929824561402,
      "truthfulness": 3.508771929824561,
      "count": 114
    },
    "open": {
      "accuracy": 54.54545454545454,
      "hallucination_rate": 41.41414141414141,
      "refusal_rate": 9.090909090909092,
      "truthfulness": 22.22222222222222,
      "count": 99
    },
    "music": {
      "accuracy": 55.714285714285715,
      "hallucination_rate": 40.0,
      "refusal_rate": 11.428571428571429,
      "truthfulness": 27.142857142857142,
      "count": 70
    }
  }
}